Casa e cozinha	MLB5174392077	18.59	4.6	1000	677676-MLA100043989973_122025	Travesseiro Ortobom Nápoles	https://www.mercadolivre.com.br/travesseiro-de-cabeca-ortobom-napoles-inodoro-100-conforto/p/MLB19689111	https://meli.la/2hG19Bv
Casa e cozinha	MLB4361136983	37.52	4.9	50mil	904470-MLB100679901262_122025	Kit 12 marmitas 800 ml com trava	https://www.mercadolivre.com.br/kit-12-marmitas-800ml-potes-trava-lateral-freezer-microondas/up/MLBU3670156579	https://meli.la/18rUBZD
Casa e cozinha	MLB5072402736	51.75	4.9	10mil	914465-MLB99391141197_112025	Kit 6 luminárias de emergência recarregáveis	https://www.mercadolivre.com.br/6-luminaria-emergencia-lampada-30-leds-recarregavel-bivolt/up/MLBU1358700150	https://meli.la/1QTU9iS
Casa e cozinha	MLB6784152210	23.9	4.8	10mil	761806-MLB110796598632_052026	Jogo 6 taças de vidro para sobremesa	https://www.mercadolivre.com.br/jogo-de-tacas-bowls-de-vidro-para-sobremesas-e-sorvete/up/MLBU3977931472	https://meli.la/1jUXTxH
Casa e cozinha	MLB6954461002	62.99	4.8	250mil	885228-MLA105354697197_012026	Faqueiro Tramontina Búzios 24 peças	https://www.mercadolivre.com.br/jogo-talheres-faqueiro-buzios-aco-inox-24-pecas-tramontina/p/MLB35092029	https://meli.la/1Kucfnj
Casa e cozinha	MLB3679704360	93.5	4.8	100mil	923263-MLA99474168604_112025	Cafeteira elétrica Electrolux 15 xícaras	https://www.mercadolivre.com.br/cafeteira-eletrica-electrolux-inox-filtro-permanente-removivel-corta-pingos-capacidade-600ml-15-xicaras-funcao-manter-aquecido-sistema-ecm10/p/MLB18927373	https://meli.la/2xPd8nb
Casa e cozinha	MLB7691246548	346	4.9	10mil	628291-MLA108163637680_032026	Air fryer Philco 16 litros	https://www.mercadolivre.com.br/fritadeira-air-fryer-philco-16-litros-paf16c-preto/p/MLB66787599	https://meli.la/112B7Ji
Casa e cozinha	MLB5980069984	329.9	4.6	100mil	748103-MLA99906601653_112025	Robô aspirador WAP W90, varre e passa pano	https://www.mercadolivre.com.br/robo-aspirador-robot-w90-varre-aspira-e-passa-pano-30w-wap-cor-preto/p/MLB19731776	https://meli.la/2KhmYdD
Casa e cozinha	MLB3658803458	157.79	4.8	100mil	841093-MLA116669740751_082026	Aspirador vertical WAP High Speed 3 em 1	https://www.mercadolivre.com.br/aspirador-de-po-vertical-e-portatil-wap-high-speed-plus-1350w-3-em-1/p/MLB22511808	https://meli.la/1caJzvV
Tecnologia	MLB6495644358	109.9	4.8	1000	779298-MLB109211456545_032026	Fone sem fio Xiaomi Redmi Buds 6 Play	https://www.mercadolivre.com.br/fone-de-ouvido-sem-fio-xiaomi-redmi-buds-6-play-preto/up/MLBU3852593913	https://meli.la/1UaPDjx
Tecnologia	MLB6278248502	39.59	4.7	10mil	942615-MLA107186916189_022026	Suporte articulado de TV 32 a 55 polegadas	https://www.mercadolivre.com.br/suporte-tv-articulado-artflex-movel-universal-32-a-55-polegadas-ate-50kg-tvlcd-led-painel-e-parede/p/MLB65564965	https://meli.la/2oTKZ6v
Tecnologia	MLB4210677721	999	4.9	10mil	684905-MLA106055190360_022026	Tablet Lenovo Tab 10,1" 64 GB	https://www.mercadolivre.com.br/tablet-lenovo-tab-101-wifi-5-64gb-4gb-de-ram-android-14-cinza/p/MLB56676058	https://meli.la/2toL9jZ
Tecnologia	MLB7267895424	85.5	4.9	1000	647485-MLA99493903651_112025	Hub USB-C 5 em 1 Ugreen com HDMI	https://www.mercadolivre.com.br/hub-5-em-1-ugreen-usb-c-para-3-usb-30-hdmi-4k30hz-pd/p/MLB36978893	https://meli.la/11GYbkj
Tecnologia	MLB5174003386	72.23	4.7	5mil	662695-MLA99968107315_112025	Kit teclado e mouse sem fio C3Tech	https://www.mercadolivre.com.br/kit-teclado-e-mouse-sem-fio-c3tech-k-w10-membrana-preto/p/MLB26877583	https://meli.la/2sk3h6P
Tecnologia	MLB5881683952	69.9	4.5	10mil	703252-MLA99485758076_112025	Power bank 20.000 mAh com display	https://www.mercadolivre.com.br/power-bank-20000mah-225w-carga-rapida-com-display-digital-carregador-portatil-carga-rapida-premium-compativel-com-todos-os-celulares-iphone-android-ios-apple-xiaomi-lg-samsung-motorola-marca-davely/p/MLB61496034	https://meli.la/2M69ZdF
Beleza	MLB4311848782	104.21	4.8	500mil	877711-MLA118854536139_102026	Escova secadora Britânia 4 em 1	https://www.mercadolivre.com.br/escova-secadora-britania-bec07r-4-em-1-1300w-rosa-127220v/p/MLB19694427	https://meli.la/1TaHGb7
Beleza	MLB7591605188	67.13	4.8	100mil	756430-MLA108913064464_032026	Truss Uso Obrigatório 260 ml	https://www.mercadolivre.com.br/truss-uso-obrigatorio-tratamento-reconstrutor-260ml/p/MLB39286905	https://meli.la/1nE8kBQ
Beleza	MLB5361144874	113.53	4.7	10mil	999787-MLA100009174297_122025	Aparador Philco Multigroom 8 em 1	https://www.mercadolivre.com.br/aparador-de-pelos-philco-multigroom-8-em-1-pap16-cor-chumbo/p/MLB38714294	https://meli.la/2vDAEdt
Beleza	MLB4260565867	62.44	4.9	5mil	981657-MLB95595621137_102025	Kit 15 esmaltes Risqué	https://www.mercadolivre.com.br/risque-kit-com-15-esmaltes-novo-hipoalergenicos-atacado-8ml/up/MLBU3504613514	https://meli.la/2BZgdxw
Ferramentas	MLB5599132594	299	4.8	10mil	969245-MLA99639655414_122025	Lavadora de alta pressão WAP WL 1800	https://www.mercadolivre.com.br/lavadora-de-alta-pressao-compacta-wap-wl-1800-1400w-1500psi-360lh-220v/p/MLB53860589	https://meli.la/1Thj5V3
Ferramentas	MLB6102865168	269	4.8	10mil	633757-MLA99556934146_122025	Esmerilhadeira Black+Decker 650 W	https://www.mercadolivre.com.br/esmerilhadeira-angular-115mm-blackdecker-12000rpm-g650-650w/p/MLB13626400	https://meli.la/2y9111M
Ferramentas	MLB5070636880	33.9	4.8	5mil	630842-MLA103266847925_122025	Paquímetro digital 150 mm com estojo	https://www.mercadolivre.com.br/paquimetro-digital-150mm-fibra-carbono-estojo-2-baterias/p/MLB2041180651	https://meli.la/1PVRWRK
Ferramentas	MLB7723747770	28.99	4.6	250mil	609611-MLA99356961706_112025	Kit chave catraca 46 peças Indufer	https://www.mercadolivre.com.br/kit-chave-catraca-soquete-46-pecas-indufer-em-cromo-vanadio-para-manutencao/p/MLB54095569	https://meli.la/1qACYuo
Fitness	MLB4189368533	29.9	4.8	100mil	750371-MLA116617370667_082026	Balança de bioimpedância com app	https://www.mercadolivre.com.br/balanca-digital-bioimpedancia-profissional-smart-imc-180kg-bluetooth-corporal-aparelho-alta-capacidade-aplicativo-app-para-android-e-para-ios-balanca-de-banheiro-academia/p/MLB54514525	https://meli.la/2PatTSB
Fitness	MLB7665678820	416.13	4.8	5mil	684041-MLA115289475775_072026	Bicicleta ergométrica spinning Liftness X11	https://www.mercadolivre.com.br/bicicleta-ergometrica-profissional-spinning-x11-em-aco-carbono-suporta-ate-120kg-liftness-preto/p/MLB64996643	https://meli.la/2tNTTqm
Fitness	MLB6149790328	51.99	4.9	10mil	763470-MLA115323351322_082026	Copo térmico gigante 1,2 L inox	https://www.mercadolivre.com.br/copo-termico-gigante-12l-inox-com-tampa-e-inox-canudo-cor-branco-cor-pura-material-fosco/p/MLB61994227	https://meli.la/1SWgW97
Fitness	MLB3910897819	136.3	4.6	10mil	768237-MLA96082859257_102025	Colchão inflável casal com inflador embutido	https://www.mercadolivre.com.br/colchao-inflavel-casal-com-inflador-embutido-multiuso-homefy/p/MLB29179705	https://meli.la/1Dt2F6B
Pet	MLB4074612815	71.09	4.9	10mil	654593-MLA95714019840_102025	Cama pet lavável na máquina	https://www.mercadolivre.com.br/cama-para-cachorro-gato-caminha-pet-57x53x14-lavavel-maquina/p/MLB50451072	https://meli.la/1m8LyCA
Pet	MLB4437625985	62.9	4.9	100mil	765671-MLA82647682538_032025	Areia higiênica Viva Verde 4 kg	https://www.mercadolivre.com.br/areia-higienica-gatos-graos-finos-vivaverde-4kg-de-peso-neto-sem-odor-e-biodegradavel-para-gatos/p/MLB45481717	https://meli.la/1SE7DSw
Pet	MLB4970343919	40.39	4.7	5mil	955216-MLA114022806412_072026	Tapete higiênico pet, 50 unidades	https://www.mercadolivre.com.br/tapete-higienico-para-caes-gatos-pets-manta-absorvente-50-unidades-50x60cm-branco-fralda-pet-cachorro-camadas-de-protecao-bloqueador-de-odor-linha-premium-com-camadas-de-protecao/p/MLB75828998	https://meli.la/2g5Tnp1
